qb;att;cmp;yds;ypa;td;int;lg;sack;loss;rate;game_points;home_away;year
Jameis WinstonJ. Winston;32;23;281;8.8;4;1;45t;0;0;125.1;31;away;2016
Matt RyanM. Ryan,39,27,334,8.6,2,0,59,3,12,112.6,24,home,2016;;;;;;;;;;;;;
Shaun HillS. Hill,33,18,236,7.2,0,0,33,0,0,77.3,25,away,2016;;;;;;;;;;;;;
Marcus MariotaM. Mariota,41,25,271,6.6,2,1,29,2,19,86.5,16,home,2016;;;;;;;;;;;;;
Robert Griffin IIIR. Griffin,26,12,190,7.3,0,1,58,3,22,55.0,10,away,2016;;;;;;;;;;;;;
Carson WentzC. Wentz,37,22,278,7.5,2,0,35t,2,8,101.0,29,home,2016;;;;;;;;;;;;;
Andy DaltonA. Dalton,30,23,366,12.2,1,1,54t,7,42,114.0,23,away,2016;;;;;;;;;;;;;
Ryan FitzpatrickR. Fitzpatrick,35,19,189,5.4,2,1,24,1,1,77.0,22,home,2016;;;;;;;;;;;;;
Derek CarrD. Carr,38,24,319,8.4,1,0,43,0,0,98.5,35,away,2016;;;;;;;;;;;;;
Drew BreesD. Brees,42,28,423,10.1,4,0,98t,1,4,131.3,34,home,2016;;;;;;;;;;;;;
Philip RiversP. Rivers,36,25,243,6.8,1,0,38,1,10,97.3,27,away,2016;;;;;;;;;;;;;
Alex SmithA. Smith,48,34,363,7.6,2,1,45,3,33,97.8,33,home,2016;;;;;;;;;;;;;
Tyrod TaylorT. Taylor,22,15,111,5.0,0,0,33,2,16,79.9,7,away,2016;;;;;;;;;;;;;
Joe FlaccoJ. Flacco,33,22,258,7.8,1,0,66t,4,33,100.3,13,home,2016;;;;;;;;;;;;;
Jay CutlerJ. Cutler,29,16,216,7.4,1,1,54,5,31,76.2,14,away,2016;;;;;;;;;;;;;
Brock OsweilerB. Osweiler,35,22,231,6.6,2,1,35,2,16,89.1,23,home,2016;;;;;;;;;;;;;
Aaron RodgersA. Rodgers,34,20,199,5.9,2,0,32,1,0,95.1,27,away,2016;;;;;;;;;;;;;
Blake BortlesB. Bortles,39,24,320,8.2,1,1,38,3,20,85.4,23,home,2016;;;;;;;;;;;;;
Ryan TannehillR. Tannehill,29,16,186,6.4,0,0,50,5,36,74.8,10,away,2016;;;;;;;;;;;;;
Russell WilsonR. Wilson,43,27,258,6.0,1,1,24,3,18,77.5,12,home,2016;;;;;;;;;;;;;
Eli ManningE. Manning,28,19,207,7.4,3,1,45,2,4,110.3,20,away,2016;;;;;;;;;;;;;
Dak PrescottD. Prescott,45,25,227,5.0,0,0,21,0,0,69.4,19,home,2016;;;;;;;;;;;;;
Matthew StaffordM. Stafford,39,31,340,8.7,3,0,32,1,8,128.6,39,away,2016;;;;;;;;;;;;;
Andrew LuckA. Luck,47,31,385,8.2,4,0,51,2,17,119.5,35,home,2016;;;;;;;;;;;;;
Jimmy GaroppoloJ. Garoppolo,33,24,264,8.0,1,0,37t,2,7,106.1,23,away,2016;;;;;;;;;;;;;
Carson PalmerC. Palmer,37,24,271,7.3,2,0,39,3,19,104.7,21,home,2016;;;;;;;;;;;;;
Ben RoethlisbergerB. Roethlisberger,37,27,300,8.1,3,1,42,1,10,112.4,38,away,2016;;;;;;;;;;;;;
Kirk CousinsK. Cousins,43,30,329,7.7,0,2,33,0,0,72.7,16,home,2016;;;;;;;;;;;;;
Case KeenumC. Keenum,35,17,130,3.7,0,2,22,2,10,34.2,0,away,2016;;;;;;;;;;;;;
Blaine GabbertB. Gabbert,35,22,170,4.9,1,0,35,0,0,84.2,28,home,2016;;;;;;;;;;;;;
Ryan FitzpatrickR. Fitzpatrick,34,24,374,11.0,1,0,37,1,4,116.5,37,away,2016;;;;;;;;;;;;;
Tyrod TaylorT. Taylor,30,18,297,9.9,3,1,84t,0,0,112.8,31,home,2016;;;;;;;;;;;;;
E.J. ManuelE. Manuel,1,1,10,10.0,0,0,10,0,0,108.3,31,home,2016;;;;;;;;;;;;;
Blaine GabbertB. Gabbert,36,17,243,6.8,2,2,75t,2,6,64.9,27,away,2016;;;;;;;;;;;;;
Cam NewtonC. Newton,40,24,353,8.8,4,1,78t,1,0,111.8,46,home,2016;;;;;;;;;;;;;
Dak PrescottD. Prescott,30,22,292,9.7,0,0,29,4,14,103.7,27,away,2016;;;;;;;;;;;;;
Kirk CousinsK. Cousins,46,28,364,7.9,1,1,57,2,14,84.0,23,home,2016;;;;;;;;;;;;;
Andy DaltonA. Dalton,54,31,366,6.8,1,0,29,1,0,84.3,16,away,2016;;;;;;;;;;;;;
Ben RoethlisbergerB. Roethlisberger,37,19,259,7.0,3,2,53,1,9,78.5,24,home,2016;;;;;;;;;;;;;
Drew BreesD. Brees,44,29,263,6.0,1,0,23,2,16,89.5,13,away,2016;;;;;;;;;;;;;
Eli ManningE. Manning,41,32,368,9.0,0,0,40,2,15,104.1,16,home,2016;;;;;;;;;;;;;
Ryan TannehillR. Tannehill,45,32,387,8.6,2,2,33,0,0,93.5,24,away,2016;;;;;;;;;;;;;
Jimmy GaroppoloJ. Garoppolo,26,18,232,8.9,3,0,26,0,0,135.4,31,home,2016;;;;;;;;;;;;;
Jacoby BrissettJ. Brissett,9,6,92,10.2,0,0,37,2,22,100.2,31,home,2016;;;;;;;;;;;;;
Alex SmithA. Smith,37,20,186,5.0,0,0,34,4,14,68.1,12,away,2016;;;;;;;;;;;;;
Brock OsweilerB. Osweiler,33,19,268,8.1,1,2,53,2,14,68.8,19,home,2016;;;;;;;;;;;;;
Marcus MariotaM. Mariota,33,25,238,7.2,2,1,32,3,14,102.8,16,away,2016;;;;;;;;;;;;;
Matthew StaffordM. Stafford,40,22,260,6.5,1,1,47,4,22,72.9,15,home,2016;;;;;;;;;;;;;
Joe FlaccoJ. Flacco,45,25,302,6.7,2,2,31,0,0,72.6,25,away,2016;;;;;;;;;;;;;
Josh McCownJ. McCown,33,20,260,7.9,2,2,47,3,18,80.4,20,home,2016;;;;;;;;;;;;;
Russell WilsonR. Wilson,35,22,254,7.3,0,0,53,2,15,84.7,3,away,2016;;;;;;;;;;;;;
Case KeenumC. Keenum,30,18,239,8.0,0,0,44,3,20,85.3,9,home,2016;;;;;;;;;;;;;
Jameis WinstonJ. Winston,52,27,243,4.7,1,4,24,3,22,39.2,7,away,2016;;;;;;;;;;;;;
Carson PalmerC. Palmer,30,17,304,10.1,3,0,58,1,4,124.9,40,home,2016;;;;;;;;;;;;;
Drew StantonD. Stanton,4,1,11,2.8,0,0,11,0,0,39.6,40,home,2016;;;;;;;;;;;;;
Blake BortlesB. Bortles,50,31,329,6.6,2,2,35,2,10,77.8,14,away,2016;;;;;;;;;;;;;
Philip RiversP. Rivers,24,17,220,9.2,4,0,45t,3,13,138.9,38,home,2016;;;;;;;;;;;;;
Kellen ClemensK. Clemens,1,0,0,0.0,0,0,0,0,0,39.6,38,home,2016;;;;;;;;;;;;;
Matt RyanM. Ryan,34,26,396,11.6,3,1,48,1,7,131.5,35,away,2016;;;;;;;;;;;;;
Derek CarrD. Carr,45,34,299,6.6,3,0,31t,1,0,115.0,28,home,2016;;;;;;;;;;;;;
Andrew LuckA. Luck,40,21,197,4.9,1,1,30,5,27,64.3,20,away,2016;;;;;;;;;;;;;
Trevor SiemianT. Siemian,33,22,266,8.1,0,1,44,1,0,78.6,34,home,2016;;;;;;;;;;;;;
Aaron RodgersA. Rodgers,36,20,213,5.9,1,1,39,5,33,70.7,14,away,2016;;;;;;;;;;;;;
Sam BradfordS. Bradford,31,22,286,9.2,2,0,46,4,32,121.2,17,home,2016;;;;;;;;;;;;;
Carson WentzC. Wentz,34,21,190,5.6,1,0,32,2,10,86.6,29,away,2016;;;;;;;;;;;;;
Jay CutlerJ. Cutler,17,12,157,9.2,0,1,49,3,15,74.9,14,home,2016;;;;;;;;;;;;;
Brian HoyerB. Hoyer,12,9,78,6.5,0,0,19,0,0,91.7,14,home,2016;;;;;;;;;;;;;
Brock OsweilerB. Osweiler,41,24,196,4.8,0,1,18,2,21,60.6,0,away,2016;;;;;;;;;;;;;
Jacoby BrissettJ. Brissett,19,11,103,5.4,0,0,27,1,6,72.9,27,home,2016;;;;;;;;;;;;;
Carson PalmerC. Palmer,50,26,287,5.7,0,4,25,5,27,36.0,18,away,2016;;;;;;;;;;;;;
Tyrod TaylorT. Taylor,25,14,119,4.8,0,1,28,4,30,51.9,33,home,2016;;;;;;;;;;;;;
Derek CarrD. Carr,35,21,249,7.1,1,1,31,1,4,79.3,17,away,2016;;;;;;;;;;;;;
Marcus MariotaM. Mariota,33,17,214,6.5,0,2,26,1,2,46.8,10,home,2016;;;;;;;;;;;;;
Kirk CousinsK. Cousins,35,21,296,8.5,2,0,55t,2,14,106.4,29,away,2016;;;;;;;;;;;;;
Tress WayT. Way,1,1,31,31.0,0,0,31,0,0,118.8,29,away,2016;;;;;;;;;;;;;
Eli ManningE. Manning,38,25,350,9.2,1,2,37,2,13,82.1,27,home,2016;;;;;;;;;;;;;
Cody KesslerC. Kessler,33,21,244,7.4,0,0,40,3,17,85.9,24,away,2016;;;;;;;;;;;;;
Terrelle PryorT. Pryor,5,3,35,7.0,0,0,26,1,1,81.2,24,away,2016;;;;;;;;;;;;;
Ryan TannehillR. Tannehill,39,25,319,8.2,3,2,42t,1,8,93.9,30,home,2016;;;;;;;;;;;;;
Joe FlaccoJ. Flacco,40,29,214,5.3,0,2,23,2,15,64.0,19,away,2016;;;;;;;;;;;;;
Blake BortlesB. Bortles,38,24,194,5.1,2,3,20,4,26,60.6,17,home,2016;;;;;;;;;;;;;
Matthew StaffordM. Stafford,41,28,385,9.4,3,1,73t,3,17,112.3,27,away,2016;;;;;;;;;;;;;
Aaron RodgersA. Rodgers,24,15,205,8.5,4,0,49,2,4,129.3,34,home,2016;;;;;;;;;;;;;
Trevor SiemianT. Siemian,35,23,312,8.9,4,0,55t,2,9,132.1,29,away,2016;;;;;;;;;;;;;
Andy DaltonA. Dalton,31,21,206,6.6,0,1,27,4,17,72.8,17,home,2016;;;;;;;;;;;;;
Sam BradfordS. Bradford,28,18,171,6.1,1,0,19,2,18,93.0,22,away,2016;;;;;;;;;;;;;
Cam NewtonC. Newton,35,21,262,7.5,0,3,31,8,64,47.6,10,home,2016;;;;;;;;;;;;;
Derek AndersonD. Anderson,1,1,3,3.0,0,0,3,0,0,79.2,10,home,2016;;;;;;;;;;;;;
Case KeenumC. Keenum,26,14,190,7.3,2,1,44t,1,7,87.0,37,away,2016;;;;;;;;;;;;;
Jameis WinstonJ. Winston,58,36,405,7.0,3,1,33,2,16,93.0,32,home,2016;;;;;;;;;;;;;
Blaine GabbertB. Gabbert,25,14,119,4.8,0,1,20,0,0,51.9,18,away,2016;;;;;;;;;;;;;
Russell WilsonR. Wilson,23,15,243,10.6,1,0,59,2,17,114.9,37,home,2016;;;;;;;;;;;;;
Trevone BoykinT. Boykin,9,7,65,7.2,1,1,23,0,0,94.2,37,home,2016;;;;;;;;;;;;;
Ryan FitzpatrickR. Fitzpatrick,44,20,188,4.3,0,6,31,0,0,18.2,3,away,2016;;;;;;;;;;;;;
Alex SmithA. Smith,33,25,237,7.2,1,0,42,2,16,105.2,24,home,2016;;;;;;;;;;;;;
Philip RiversP. Rivers,39,26,326,8.4,0,0,43,2,11,92.5,22,away,2016;;;;;;;;;;;;;
Andrew LuckA. Luck,37,24,331,8.9,1,1,63t,2,14,91.2,26,home,2016;;;;;;;;;;;;;
Ben RoethlisbergerB. Roethlisberger,44,24,257,5.8,0,1,41,4,35,62.4,3,away,2016;;;;;;;;;;;;;
Carson WentzC. Wentz,31,23,301,9.7,2,0,73t,0,0,125.9,34,home,2016;;;;;;;;;;;;;
Brian HoyerB. Hoyer,49,30,317,6.5,2,0,32,1,5,93.7,17,away,2016;;;;;;;;;;;;;
Dak PrescottD. Prescott,24,19,248,10.3,1,0,47,0,0,123.6,31,home,2016;;;;;;;;;;;;;
Matt RyanM. Ryan,30,20,240,8.0,2,0,34,2,15,113.2,45,away,2016;;;;;;;;;;;;;
Drew BreesD. Brees,54,36,376,7.0,3,1,36,2,17,97.5,32,home,2016;;;;;;;;;;;;;
Ryan TannehillR. Tannehill,25,15,189,7.6,1,1,74t,5,29,80.2,7,away,2016;;;;;;;;;;;;;
Andy DaltonA. Dalton,31,22,296,9.5,1,0,51,1,11,111.8,22,home,2016;;;;;;;;;;;;;
Andrew LuckA. Luck,42,27,234,5.6,2,1,64t,6,44,84.8,27,away,2016;;;;;;;;;;;;;
Blake BortlesB. Bortles,33,19,207,6.3,2,0,42t,3,12,96.4,30,home,2016;;;;;;;;;;;;;
Marcus MariotaM. Mariota,29,13,202,7.0,0,1,60,1,6,54.1,20,away,2016;;;;;;;;;;;;;
Brock OsweilerB. Osweiler,37,25,254,6.9,2,2,45,1,10,82.5,27,home,2016;;;;;;;;;;;;;
Cody KesslerC. Kessler,40,28,223,5.6,1,1,14,1,6,81.6,20,away,2016;;;;;;;;;;;;;
Kirk CousinsK. Cousins,27,21,183,6.8,3,1,26,3,27,116.5,31,home,2016;;;;;;;;;;;;;
Russell WilsonR. Wilson,32,23,309,9.7,3,0,42t,2,21,133.5,27,away,2016;;;;;;;;;;;;;
Ryan FitzpatrickR. Fitzpatrick,41,23,261,6.4,1,3,41,4,14,53.0,17,home,2016;;;;;;;;;;;;;
Tyrod TaylorT. Taylor,39,27,246,6.3,1,0,23,2,2,94.6,16,away,2016;;;;;;;;;;;;;
Jacoby BrissettJ. Brissett,27,17,205,7.6,0,0,58,3,18,86.2,0,home,2016;;;;;;;;;;;;;
Cam NewtonC. Newton,25,14,165,6.6,1,0,24,1,8,89.6,33,away,2016;;;;;;;;;;;;;
Derek AndersonD. Anderson,23,17,172,7.5,2,2,48,0,0,87.6,33,away,2016;;;;;;;;;;;;;
Matt RyanM. Ryan,37,28,503,13.6,4,1,75t,3,22,142.0,48,home,2016;;;;;;;;;;;;;
Derek CarrD. Carr,35,25,199,5.7,4,0,23t,0,0,123.4,28,away,2016;;;;;;;;;;;;;
Joe FlaccoJ. Flacco,52,32,298,5.7,1,0,52t,2,16,83.7,27,home,2016;;;;;;;;;;;;;
Matthew StaffordM. Stafford,36,23,213,5.9,0,2,22,2,16,56.8,14,away,2016;;;;;;;;;;;;;
Brian HoyerB. Hoyer,36,28,302,8.4,2,0,64,2,8,120.1,17,home,2016;;;;;;;;;;;;;
Paxton LynchP. Lynch,24,14,170,7.1,1,0,31,1,0,94.1,27,away,2016;;;;;;;;;;;;;
Trevor SiemianT. Siemian,7,5,68,9.7,1,0,19,3,20,141.7,27,away,2016;;;;;;;;;;;;;
Jameis WinstonJ. Winston,35,17,179,5.1,0,2,25,5,36,40.1,7,home,2016;;;;;;;;;;;;;
Case KeenumC. Keenum,30,18,266,8.9,2,0,65t,2,19,111.2,17,away,2016;;;;;;;;;;;;;
Carson PalmerC. Palmer,36,23,288,8.0,1,1,29,3,23,86.3,13,home,2016;;;;;;;;;;;;;
Drew StantonD. Stanton,11,4,37,3.4,0,2,15,0,0,6.8,13,home,2016;;;;;;;;;;;;;
Drew BreesD. Brees,36,23,207,5.8,2,2,23,2,15,74.7,35,away,2016;;;;;;;;;;;;;
Philip RiversP. Rivers,43,28,321,7.5,2,1,57t,3,13,93.3,34,home,2016;;;;;;;;;;;;;
Dak PrescottD. Prescott,32,23,245,7.7,2,0,47,2,11,114.7,24,away,2016;;;;;;;;;;;;;
Blaine GabbertB. Gabbert,23,16,196,8.5,1,1,33t,1,7,91.9,17,home,2016;;;;;;;;;;;;;
Alex SmithA. Smith,50,30,287,5.7,2,1,20,4,17,81.0,14,away,2016;;;;;;;;;;;;;
Ben RoethlisbergerB. Roethlisberger,27,22,300,11.1,5,0,47,2,13,152.5,43,home,2016;;;;;;;;;;;;;
Eli ManningE. Manning,45,25,261,5.8,0,1,67,0,0,63.3,10,away,2016;;;;;;;;;;;;;
Sam BradfordS. Bradford,36,26,262,7.3,1,0,40,0,0,101.9,24,home,2016;;;;;;;;;;;;;
Drew StantonD. Stanton,28,11,124,4.4,2,0,29t,1,8,77.1,33,away,2016;;;;;;;;;;;;;
Blaine GabbertB. Gabbert,31,18,162,5.2,1,2,24,7,27,56.1,21,home,2016;;;;;;;;;;;;;
Tom BradyT. Brady,40,28,406,10.2,3,0,63,1,3,127.7,33,away,2016;;;;;;;;;;;;;
Jimmy GaroppoloJ. Garoppolo,1,0,0,0.0,0,0,0,0,0,39.6,33,away,2016;;;;;;;;;;;;;
Charlie WhitehurstC. Whitehurst,24,14,182,7.6,1,1,31,2,14,78.8,13,home,2016;;;;;;;;;;;;;
Cody KesslerC. Kessler,8,5,62,7.8,1,0,18,0,0,126.0,13,home,2016;;;;;;;;;;;;;
Terrelle PryorT. Pryor,3,1,5,1.7,0,0,5,0,0,42.4,13,home,2016;;;;;;;;;;;;;
Carson WentzC. Wentz,33,25,238,7.2,2,1,27,3,8,102.8,23,away,2016;;;;;;;;;;;;;
Matthew StaffordM. Stafford,25,19,180,7.2,3,0,27,4,16,135.0,24,home,2016;;;;;;;;;;;;;
Brian HoyerB. Hoyer,43,33,397,9.2,2,0,38,0,0,120.0,23,away,2016;;;;;;;;;;;;;
Andrew LuckA. Luck,39,28,322,8.3,2,0,35t,5,24,113.4,29,home,2016;;;;;;;;;;;;;
Marcus MariotaM. Mariota,29,20,163,5.6,3,0,29,0,0,117.5,30,away,2016;;;;;;;;;;;;;
Ryan TannehillR. Tannehill,18,12,191,10.6,0,2,58,6,42,62.3,17,home,2016;;;;;;;;;;;;;
Kirk CousinsK. Cousins,41,29,260,6.3,1,1,27,1,10,85.4,16,away,2016;;;;;;;;;;;;;
Joe FlaccoJ. Flacco,46,30,210,4.6,1,0,15,3,22,82.7,10,home,2016;;;;;;;;;;;;;
Justin TuckerJ. Tucker,1,0,0,0.0,0,0,0,0,0,39.6,10,home,2016;;;;;;;;;;;;;
Brock OsweilerB. Osweiler,42,19,184,4.4,1,1,25,4,29,56.1,13,away,2016;;;;;;;;;;;;;
Sam BradfordS. Bradford,30,22,271,9.0,2,0,36t,2,16,123.1,31,home,2016;;;;;;;;;;;;;
Ryan FitzpatrickR. Fitzpatrick,38,25,255,6.7,1,0,19,3,11,93.6,13,away,2016;;;;;;;;;;;;;
Ben RoethlisbergerB. Roethlisberger,47,34,380,8.1,4,0,72t,1,5,124.4,31,home,2016;;;;;;;;;;;;;
Matt RyanM. Ryan,28,15,267,9.5,1,0,49,2,17,98.4,23,away,2016;;;;;;;;;;;;;
Paxton LynchP. Lynch,35,23,223,6.4,1,1,26,6,40,81.0,16,home,2016;;;;;;;;;;;;;
Andy DaltonA. Dalton,41,29,269,6.6,2,0,22,4,20,104.6,14,away,2016;;;;;;;;;;;;;
Dak PrescottD. Prescott,24,18,227,9.5,1,0,31,1,5,117.9,28,home,2016;;;;;;;;;;;;;
Tyrod TaylorT. Taylor,23,12,124,5.4,2,0,29,2,12,97.0,30,away,2016;;;;;;;;;;;;;
Case KeenumC. Keenum,31,21,271,8.7,0,2,31,4,28,68.1,19,home,2016;;;;;;;;;;;;;
Philip RiversP. Rivers,30,21,359,12.0,4,2,59,2,8,122.1,31,away,2016;;;;;;;;;;;;;
Derek CarrD. Carr,40,25,317,7.9,2,1,64t,3,17,93.4,34,home,2016;;;;;;;;;;;;;
Eli ManningE. Manning,35,18,199,5.7,1,0,27,3,15,78.2,16,away,2016;;;;;;;;;;;;;
Odell Beckham Jr.O. Beckham,0,0,0,0.0,0,0,0,1,6,0.0,16,away,2016;;;;;;;;;;;;;
Aaron RodgersA. Rodgers,45,23,259,5.8,2,2,29t,0,0,65.0,23,home,2016;;;;;;;;;;;;;
Jameis WinstonJ. Winston,30,18,219,7.3,1,0,38,2,17,93.6,17,away,2016;;;;;;;;;;;;;
Derek AndersonD. Anderson,28,18,278,9.9,0,2,34,0,0,67.3,14,home,2016;;;;;;;;;;;;;
Trevor SiemianT. Siemian,50,30,230,4.6,1,0,20,2,10,77.9,13,away,2016;;;;;;;;;;;;;
Philip RiversP. Rivers,29,18,178,6.1,1,0,27,2,12,90.9,21,home,2016;;;;;;;;;;;;;
Colin KaepernickC. Kaepernick,29,13,187,6.4,1,0,53t,3,20,77.8,16,away,2016;;;;;;;;;;;;;
Tyrod TaylorT. Taylor,25,16,179,7.2,2,0,30t,3,0,111.9,45,home,2016;;;;;;;;;;;;;
E.J. ManuelE. Manuel,2,0,0,0.0,0,0,0,0,0,39.6,45,home,2016;;;;;;;;;;;;;
Carson WentzC. Wentz,22,11,179,8.1,0,0,54,5,34,77.7,20,away,2016;;;;;;;;;;;;;
Kirk CousinsK. Cousins,34,18,263,7.7,2,1,37,0,0,85.8,27,home,2016;;;;;;;;;;;;;
Cody KesslerC. Kessler,41,26,336,8.2,2,0,43,6,36,105.3,26,away,2016;;;;;;;;;;;;;
Terrelle PryorT. Pryor,1,1,1,1.0,0,0,1,0,0,79.2,26,away,2016;;;;;;;;;;;;;
Marcus MariotaM. Mariota,24,17,284,11.8,3,1,48t,2,14,132.6,28,home,2016;;;;;;;;;;;;;
Joe FlaccoJ. Flacco,48,26,307,6.4,0,0,70,2,14,73.9,23,away,2016;;;;;;;;;;;;;
Eli ManningE. Manning,46,32,403,8.8,3,2,75t,1,6,100.2,27,home,2016;;;;;;;;;;;;;
Cam NewtonC. Newton,47,27,322,6.9,2,1,20,2,19,83.8,38,away,2016;;;;;;;;;;;;;
Drew BreesD. Brees,49,34,465,9.5,4,1,87t,1,5,118.2,41,home,2016;;;;;;;;;;;;;
Blake BortlesB. Bortles,33,20,271,8.2,1,1,51t,2,8,84.3,17,away,2016;;;;;;;;;;;;;
Brian HoyerB. Hoyer,49,30,302,6.2,0,0,36,1,5,78.8,16,home,2016;;;;;;;;;;;;;
Case KeenumC. Keenum,32,27,321,10.0,3,1,47,1,10,126.7,28,away,2016;;;;;;;;;;;;;
Matthew StaffordM. Stafford,31,23,270,8.7,4,0,61,1,5,139.8,31,home,2016;;;;;;;;;;;;;
Ben RoethlisbergerB. Roethlisberger,34,19,189,5.6,1,2,23t,2,20,57.1,15,away,2016;;;;;;;;;;;;;
Landry JonesL. Jones,1,0,0,0.0,0,0,0,0,0,39.6,15,away,2016;;;;;;;;;;;;;
Ryan TannehillR. Tannehill,32,24,252,7.9,0,0,53,0,0,97.4,30,home,2016;;;;;;;;;;;;;
Andy DaltonA. Dalton,31,21,254,8.2,1,0,32,2,17,103.4,17,away,2016;;;;;;;;;;;;;
Tom BradyT. Brady,35,29,376,10.7,3,0,39,3,18,140.0,35,home,2016;;;;;;;;;;;;;
Alex SmithA. Smith,22,19,224,10.2,0,0,38,1,1,109.1,26,away,2016;;;;;;;;;;;;;
Jeremy MaclinJ. Maclin,1,0,0,0.0,0,0,0,0,0,39.6,26,away,2016;;;;;;;;;;;;;
Derek CarrD. Carr,34,22,225,6.6,1,1,24,2,4,81.1,10,home,2016;;;;;;;;;;;;;
Matt RyanM. Ryan,42,27,335,8.0,3,1,46t,4,25,102.8,24,away,2016;;;;;;;;;;;;;
Russell WilsonR. Wilson,37,25,270,7.3,0,0,25,1,9,88.8,26,home,2016;;;;;;;;;;;;;
Dak PrescottD. Prescott,27,18,247,9.1,3,1,42,2,14,117.4,30,away,2016;;;;;;;;;;;;;
Aaron RodgersA. Rodgers,42,31,294,7.0,1,1,25,1,0,90.8,16,home,2016;;;;;;;;;;;;;
Andrew LuckA. Luck,32,21,252,7.9,1,1,36,3,21,87.0,23,away,2016;;;;;;;;;;;;;
Brock OsweilerB. Osweiler,39,25,269,6.9,2,1,36,1,13,90.7,26,home,2016;;;;;;;;;;;;;
Ryan FitzpatrickR. Fitzpatrick,31,16,174,5.6,0,1,36,0,0,55.0,3,away,2016;;;;;;;;;;;;;
Geno SmithG. Smith,6,4,31,5.2,0,1,17,1,8,39.6,3,away,2016;;;;;;;;;;;;;
Carson PalmerC. Palmer,34,23,213,6.3,1,0,14,0,0,94.4,28,home,2016;;;;;;;;;;;;;
Drew StantonD. Stanton,1,1,12,12.0,0,0,12,0,0,116.7,28,home,2016;;;;;;;;;;;;;
Matt BarkleyM. Barkley,15,6,81,5.4,0,2,26,1,10,18.3,10,away,2016;;;;;;;;;;;;;
Brian HoyerB. Hoyer,11,4,49,4.5,0,0,25,0,0,50.9,10,away,2016;;;;;;;;;;;;;
Aaron RodgersA. Rodgers,56,39,326,5.8,3,0,25,2,23,102.2,26,home,2016;;;;;;;;;;;;;
Eli ManningE. Manning,37,24,196,5.3,0,0,25,0,0,78.2,17,away,2016;;;;;;;;;;;;;
Case KeenumC. Keenum,53,32,291,5.5,1,4,48,3,20,50.1,10,home,2016;;;;;;;;;;;;;
Drew BreesD. Brees,48,37,367,7.6,3,1,30,1,8,110.3,21,away,2016;;;;;;;;;;;;;
Alex SmithA. Smith,24,17,214,8.9,2,0,46t,0,0,126.0,27,home,2016;;;;;;;;;;;;;
Andrew LuckA. Luck,39,27,353,9.1,3,0,37t,2,12,123.1,34,away,2016;;;;;;;;;;;;;
Marcus MariotaM. Mariota,37,22,232,6.3,2,0,26,3,25,95.8,26,home,2016;;;;;;;;;;;;;
Sam BradfordS. Bradford,41,24,224,5.5,1,1,27,6,35,71.6,10,away,2016;;;;;;;;;;;;;
Carson WentzC. Wentz,28,16,138,4.9,1,2,27,0,0,52.4,21,home,2016;;;;;;;;;;;;;
Kevin HoganK. Hogan,24,12,100,4.2,0,2,17,2,10,26.4,17,away,2016;;;;;;;;;;;;;
Cody KesslerC. Kessler,11,9,82,7.5,0,0,21,0,0,97.7,17,away,2016;;;;;;;;;;;;;
Andy DaltonA. Dalton,28,19,308,11.0,2,0,48t,3,20,128.3,31,home,2016;;;;;;;;;;;;;
Kirk CousinsK. Cousins,39,30,301,7.7,1,0,27,2,18,106.9,17,away,2016;;;;;;;;;;;;;
Matthew StaffordM. Stafford,29,18,266,9.2,1,0,52,3,16,103.5,20,home,2016;;;;;;;;;;;;;
Derek CarrD. Carr,37,23,200,5.4,1,0,56,0,0,85.4,33,away,2016;;;;;;;;;;;;;
Blake BortlesB. Bortles,43,23,246,5.7,1,2,39,1,7,58.9,16,home,2016;;;;;;;;;;;;;
Tyrod TaylorT. Taylor,28,14,221,7.9,1,0,67t,4,21,88.5,25,away,2016;;;;;;;;;;;;;
Ryan TannehillR. Tannehill,25,15,204,8.2,1,0,66t,1,6,99.4,28,home,2016;;;;;;;;;;;;;
Joe FlaccoJ. Flacco,44,25,248,5.6,0,2,53,2,14,54.0,16,away,2016;;;;;;;;;;;;;
Ryan FitzpatrickR. Fitzpatrick,14,9,120,8.6,1,0,31,3,15,115.2,24,home,2016;;;;;;;;;;;;;
Geno SmithG. Smith,8,4,95,11.9,1,0,69t,2,11,132.8,24,home,2016;;;;;;;;;;;;;
Jameis WinstonJ. Winston,30,21,269,9.0,3,1,31,2,5,117.2,34,away,2016;;;;;;;;;;;;;
Colin KaepernickC. Kaepernick,34,16,143,4.2,1,1,24,4,30,56.4,17,home,2016;;;;;;;;;;;;;
Philip RiversP. Rivers,44,27,371,8.4,1,1,49,4,23,86.5,33,away,2016;;;;;;;;;;;;;
Travis BenjaminT. Benjamin,1,0,0,0.0,0,0,0,0,0,39.6,33,away,2016;;;;;;;;;;;;;
Matt RyanM. Ryan,34,22,273,8.0,1,1,50,3,17,87.0,30,home,2016;;;;;;;;;;;;;
Tom BradyT. Brady,26,19,222,8.5,2,0,37,0,0,124.2,27,away,2016;;;;;;;;;;;;;
Landry JonesL. Jones,47,29,281,6.0,1,1,51,0,0,76.6,16,home,2016;;;;;;;;;;;;;
Russell WilsonR. Wilson,37,24,225,6.1,0,0,31,1,20,81.5,6,away,2016;;;;;;;;;;;;;
Carson PalmerC. Palmer,49,29,342,7.0,0,0,40,4,31,80.5,6,home,2016;;;;;;;;;;;;;
Brock OsweilerB. Osweiler,41,22,131,3.2,0,0,13,1,0,60.1,9,away,2016;;;;;;;;;;;;;
Trevor SiemianT. Siemian,25,14,157,6.3,1,0,31,0,0,88.3,27,home,2016;;;;;;;;;;;;;
Blake BortlesB. Bortles,54,33,337,6.2,3,0,31,2,15,97.5,22,away,2016;;;;;;;;;;;;;
Marcus MariotaM. Mariota,22,18,270,12.3,2,0,47,0,0,148.1,36,home,2016;;;;;;;;;;;;;
Matt CasselM. Cassel,1,1,10,10.0,0,0,10,0,0,108.3,36,home,2016;;;;;;;;;;;;;
Kirk CousinsK. Cousins,56,38,458,8.2,2,1,44,1,12,97.2,27,away,2016;;;;;;;;;;;;;
Andy DaltonA. Dalton,42,27,284,6.8,1,1,40,3,21,81.8,27,home,2016;;;;;;;;;;;;;
Nick FolesN. Foles,22,16,223,10.1,2,0,49,2,16,135.2,30,away,2016;;;;;;;;;;;;;
Alex SmithA. Smith,19,9,127,6.7,1,0,23,1,0,87.0,30,away,2016;;;;;;;;;;;;;
Andrew LuckA. Luck,35,19,210,6.0,2,1,20,6,38,79.5,14,home,2016;;;;;;;;;;;;;
Derek CarrD. Carr,59,40,513,8.7,4,0,68,2,15,117.4,30,away,2016;;;;;;;;;;;;;
Jameis WinstonJ. Winston,32,16,180,5.6,2,0,42,2,12,88.0,24,home,2016;;;;;;;;;;;;;
Russell WilsonR. Wilson,34,22,253,7.4,0,1,27,1,11,74.8,20,away,2016;;;;;;;;;;;;;
Tanner McEvoyT. McEvoy,1,1,43,43.0,0,0,43,0,0,118.8,20,away,2016;;;;;;;;;;;;;
Jon RyanJ. Ryan,1,0,0,0.0,0,0,0,0,0,39.6,20,away,2016;;;;;;;;;;;;;
Drew BreesD. Brees,35,27,265,7.6,1,0,38,2,13,107.4,25,home,2016;;;;;;;;;;;;;
Matthew StaffordM. Stafford,41,27,240,5.9,1,0,34,1,9,89.5,13,away,2016;;;;;;;;;;;;;
Brock OsweilerB. Osweiler,29,20,186,6.4,1,1,23,3,22,83.4,20,home,2016;;;;;;;;;;;;;
Ryan FitzpatrickR. Fitzpatrick,34,16,228,6.7,1,0,57,2,6,79.0,31,away,2016;;;;;;;;;;;;;
Josh McCownJ. McCown,49,25,341,7.0,2,2,35,1,6,70.2,28,home,2016;;;;;;;;;;;;;
Kevin HoganK. Hogan,2,2,4,2.0,0,0,3,0,0,79.2,28,home,2016;;;;;;;;;;;;;
Aaron RodgersA. Rodgers,38,28,246,6.5,4,0,58,3,23,125.5,32,away,2016;;;;;;;;;;;;;
Matt RyanM. Ryan,35,28,288,8.2,3,0,47t,2,11,129.5,33,home,2016;;;;;;;;;;;;;
Tom BradyT. Brady,33,22,315,9.5,4,0,53t,4,22,137.0,41,away,2016;;;;;;;;;;;;;
Jimmy GaroppoloJ. Garoppolo,0,0,0,0.0,0,0,0,1,8,0.0,41,away,2016;;;;;;;;;;;;;
Tyrod TaylorT. Taylor,38,19,183,4.8,0,0,25,1,7,63.8,25,home,2016;;;;;;;;;;;;;
E.J. ManuelE. Manuel,2,1,35,17.5,0,0,35,1,2,95.8,25,home,2016;;;;;;;;;;;;;
Philip RiversP. Rivers,47,20,267,5.7,2,3,53,4,21,48.8,19,away,2016;;;;;;;;;;;;;
Trevor SiemianT. Siemian,38,20,276,7.3,0,1,40,1,9,65.2,27,home,2016;;;;;;;;;;;;;
Carson PalmerC. Palmer,46,35,363,7.9,3,1,21,8,47,111.1,20,away,2016;;;;;;;;;;;;;
Cam NewtonC. Newton,27,14,212,7.9,0,0,50,1,4,78.0,30,home,2016;;;;;;;;;;;;;
Carson WentzC. Wentz,43,32,202,4.7,1,0,14,3,8,91.4,23,away,2016;;;;;;;;;;;;;
Josh HuffJ. Huff,1,0,0,0.0,0,0,0,0,0,39.6,23,away,2016;;;;;;;;;;;;;
Dak PrescottD. Prescott,39,19,287,7.4,2,1,53,2,14,79.8,29,home,2016;;;;;;;;;;;;;
Cole BeasleyC. Beasley,1,0,0,0.0,0,0,0,0,0,39.6,29,home,2016;;;;;;;;;;;;;
Sam BradfordS. Bradford,37,23,228,6.2,1,0,31,5,27,88.6,10,away,2016;;;;;;;;;;;;;
Jay CutlerJ. Cutler,31,20,252,8.1,1,0,34,1,7,100.5,20,home,2016;;;;;;;;;;;;;
Matt RyanM. Ryan,34,25,344,10.1,4,0,32t,2,19,144.7,43,away,2016;;;;;;;;;;;;;
Jameis WinstonJ. Winston,37,23,261,7.1,3,0,28,2,10,110.3,28,home,2016;;;;;;;;;;;;;
Mike GlennonM. Glennon,11,10,75,6.8,1,0,13,0,0,125.4,28,home,2016;;;;;;;;;;;;;
Matthew StaffordM. Stafford,36,23,219,6.1,2,1,28t,1,5,87.6,22,away,2016;;;;;;;;;;;;;
Sam BradfordS. Bradford,40,31,273,6.8,1,0,32,2,14,103.4,16,home,2016;;;;;;;;;;;;;
Carson WentzC. Wentz,47,27,364,7.7,0,2,58,2,17,64.5,23,away,2016;;;;;;;;;;;;;
Eli ManningE. Manning,36,22,257,7.1,4,2,46,1,9,96.6,28,home,2016;;;;;;;;;;;;;
Ryan FitzpatrickR. Fitzpatrick,27,16,194,7.2,1,2,27,3,22,62.9,23,away,2016;;;;;;;;;;;;;
Bryce PettyB. Petty,2,2,19,9.5,0,0,15,0,0,106.2,23,away,2016;;;;;;;;;;;;;
Ryan TannehillR. Tannehill,28,17,149,5.3,1,0,24,1,12,86.8,27,home,2016;;;;;;;;;;;;;
Jarvis LandryJ. Landry,1,0,0,0.0,0,0,0,0,0,39.6,27,home,2016;;;;;;;;;;;;;
Blake BortlesB. Bortles,41,22,252,6.1,2,1,51,2,8,78.5,14,away,2016;;;;;;;;;;;;;
Nick FolesN. Foles,33,20,187,5.7,1,0,24,2,18,86.3,19,home,2016;;;;;;;;;;;;;
Dak PrescottD. Prescott,27,21,247,9.1,3,0,35,0,0,141.8,35,away,2016;;;;;;;;;;;;;
Mark SanchezM. Sanchez,1,1,8,8.0,0,0,8,0,0,100.0,35,away,2016;;;;;;;;;;;;;
Cody KesslerC. Kessler,27,19,203,7.5,1,0,44,4,26,104.4,10,home,2016;;;;;;;;;;;;;
Ben RoethlisbergerB. Roethlisberger,45,23,264,5.9,1,1,30,2,23,67.3,14,away,2016;;;;;;;;;;;;;
Joe FlaccoJ. Flacco,30,18,241,8.0,1,1,95t,3,26,82.8,21,home,2016;;;;;;;;;;;;;
Ryan MallettR. Mallett,1,1,9,9.0,0,0,9,0,0,104.2,21,home,2016;;;;;;;;;;;;;
Drew BreesD. Brees,39,28,323,8.3,3,0,32t,1,0,122.1,41,away,2016;;;;;;;;;;;;;
Colin KaepernickC. Kaepernick,39,24,398,10.2,2,1,65t,1,5,102.3,23,home,2016;;;;;;;;;;;;;
Cam NewtonC. Newton,32,20,225,7.0,1,0,28,5,40,93.9,13,away,2016;;;;;;;;;;;;;
Case KeenumC. Keenum,46,27,296,6.4,1,1,31,4,16,76.0,10,home,2016;;;;;;;;;;;;;
Andrew LuckA. Luck,36,23,281,7.8,1,2,39,2,11,74.0,31,away,2016;;;;;;;;;;;;;
Aaron RodgersA. Rodgers,43,26,297,6.9,3,1,40,3,8,94.8,26,home,2016;;;;;;;;;;;;;
Marcus MariotaM. Mariota,43,27,313,7.3,3,2,48,0,0,88.6,35,away,2016;;;;;;;;;;;;;
Philip RiversP. Rivers,33,24,275,8.3,2,0,35,1,7,117.6,43,home,2016;;;;;;;;;;;;;
Trevor SiemianT. Siemian,37,18,283,7.6,2,1,69t,2,17,81.2,20,away,2016;;;;;;;;;;;;;
Derek CarrD. Carr,31,20,184,5.9,0,0,21,2,5,80.6,30,home,2016;;;;;;;;;;;;;
Tyrod TaylorT. Taylor,38,27,289,7.6,1,1,29,5,26,90.8,25,away,2016;;;;;;;;;;;;;
Jonathan WilliamsJ. Williams,1,0,0,0.0,0,0,0,0,0,39.6,25,away,2016;;;;;;;;;;;;;
Russell WilsonR. Wilson,26,20,282,10.8,2,0,50,4,37,137.0,31,home,2016;;;;;;;;;;;;;
Cody KesslerC. Kessler,18,11,91,5.1,1,0,25t,1,10,92.6,7,away,2016;;;;;;;;;;;;;
Josh McCownJ. McCown,13,6,59,4.5,0,2,18,3,29,19.9,7,away,2016;;;;;;;;;;;;;
Joe FlaccoJ. Flacco,41,30,296,7.2,3,2,27t,2,19,97.2,28,home,2016;;;;;;;;;;;;;
Brock OsweilerB. Osweiler,27,14,99,3.7,2,0,16,1,7,85.3,24,away,2016;;;;;;;;;;;;;
Blake BortlesB. Bortles,49,32,265,5.4,2,1,19,2,18,84.1,21,home,2016;;;;;;;;;;;;;
Trevor SiemianT. Siemian,40,25,258,6.5,2,2,18,6,24,76.9,25,away,2016;;;;;;;;;;;;;
Drew BreesD. Brees,29,21,303,10.4,3,2,37,1,10,111.7,23,home,2016;;;;;;;;;;;;;
Case KeenumC. Keenum,30,17,165,5.5,0,0,46,3,10,72.2,9,away,2016;;;;;;;;;;;;;
Bryce PettyB. Petty,32,19,163,5.1,1,1,52,1,6,70.2,6,home,2016;;;;;;;;;;;;;
Matt RyanM. Ryan,33,18,267,8.1,1,1,76t,2,12,78.7,15,away,2016;;;;;;;;;;;;;
Carson WentzC. Wentz,36,25,231,6.4,0,0,20,2,10,86.7,24,home,2016;;;;;;;;;;;;;
Alex SmithA. Smith,38,25,178,4.7,0,1,27,3,13,65.5,20,away,2016;;;;;;;;;;;;;
Cam NewtonC. Newton,38,23,261,6.9,1,1,38t,2,19,78.9,17,home,2016;;;;;;;;;;;;;
Jay CutlerJ. Cutler,30,16,182,6.1,1,2,50t,4,21,55.1,10,away,2016;;;;;;;;;;;;;
Jameis WinstonJ. Winston,33,23,312,9.5,2,1,43t,4,32,107.1,36,home,2016;;;;;;;;;;;;;
Sam BradfordS. Bradford,40,31,307,7.7,2,1,36,3,23,104.9,20,away,2016;;;;;;;;;;;;;
Kirk CousinsK. Cousins,33,22,262,7.9,2,0,38t,1,2,110.9,26,home,2016;;;;;;;;;;;;;
Aaron RodgersA. Rodgers,51,31,371,7.3,2,2,46,5,46,79.8,25,away,2016;;;;;;;;;;;;;
Brett HundleyB. Hundley,4,1,8,2.0,0,0,8,0,0,39.6,25,away,2016;;;;;;;;;;;;;
Marcus MariotaM. Mariota,26,19,295,11.3,4,0,41,1,13,149.8,47,home,2016;;;;;;;;;;;;;
DeMarco MurrayD. Murray,1,1,10,10.0,1,0,10t,0,0,147.9,47,home,2016;;;;;;;;;;;;;
Ryan TannehillR. Tannehill,24,17,240,10.0,2,0,56,1,9,130.6,31,away,2016;;;;;;;;;;;;;
Philip RiversP. Rivers,44,23,326,7.4,3,4,51t,3,17,61.4,24,home,2016;;;;;;;;;;;;;
Colin KaepernickC. Kaepernick,30,17,210,7.0,1,0,45,3,12,89.6,20,away,2016;;;;;;;;;;;;;
Carson PalmerC. Palmer,49,30,376,7.7,1,2,35,2,13,74.9,23,home,2016;;;;;;;;;;;;;
Dak PrescottD. Prescott,32,22,319,10.0,2,0,83t,2,24,121.7,35,away,2016;;;;;;;;;;;;;
Ben RoethlisbergerB. Roethlisberger,46,37,408,8.9,3,0,44,1,8,125.4,30,home,2016;;;;;;;;;;;;;
Russell WilsonR. Wilson,37,25,348,9.4,3,0,39,3,24,124.6,31,away,2016;;;;;;;;;;;;;
Tom BradyT. Brady,32,23,316,9.9,0,1,36,2,12,90.1,24,home,2016;;;;;;;;;;;;;
Andy DaltonA. Dalton,29,16,204,7.0,1,1,71,3,18,74.5,20,away,2016;;;;;;;;;;;;;
Eli ManningE. Manning,44,28,240,5.5,3,2,25,1,11,81.6,21,home,2016;;;;;;;;;;;;;
Drew BreesD. Brees,44,35,285,6.5,2,1,22,3,21,99.3,20,away,2016;;;;;;;;;;;;;
Cam NewtonC. Newton,33,14,192,5.8,1,0,40t,2,19,71.8,23,home,2016;;;;;;;;;;;;;
Ben RoethlisbergerB. Roethlisberger,36,23,167,4.6,0,0,21,0,0,74.7,24,away,2016;;;;;;;;;;;;;
Josh McCownJ. McCown,27,14,118,4.4,1,0,20,4,36,75.8,9,home,2016;;;;;;;;;;;;;
Cody KesslerC. Kessler,14,7,128,9.1,0,1,36,4,34,52.1,9,home,2016;;;;;;;;;;;;;
Joe FlaccoJ. Flacco,35,23,269,7.7,1,0,27,1,2,98.4,17,away,2016;;;;;;;;;;;;;
Dak PrescottD. Prescott,36,27,301,8.4,3,0,41,1,2,127.2,27,home,2016;;;;;;;;;;;;;
Blake BortlesB. Bortles,35,22,202,5.8,2,2,29,0,0,73.8,19,away,2016;;;;;;;;;;;;;
Matthew StaffordM. Stafford,33,24,278,8.4,0,0,61,3,15,97.8,26,home,2016;;;;;;;;;;;;;
Marcus MariotaM. Mariota,38,25,290,7.6,2,0,35,5,36,106.2,17,away,2016;;;;;;;;;;;;;
Andrew LuckA. Luck,28,15,262,9.4,2,1,50,2,11,94.6,24,home,2016;;;;;;;;;;;;;
Tyrod TaylorT. Taylor,27,19,166,6.1,0,1,34,2,7,70.9,16,away,2016;;;;;;;;;;;;;
Andy DaltonA. Dalton,43,24,207,4.8,1,2,21,1,0,57.0,12,home,2016;;;;;;;;;;;;;
Jameis WinstonJ. Winston,39,24,331,8.5,1,0,31,1,5,97.3,19,away,2016;;;;;;;;;;;;;
Alex SmithA. Smith,31,24,261,8.4,1,1,44,0,0,99.0,17,home,2016;;;;;;;;;;;;;
Jay CutlerJ. Cutler,30,17,252,8.4,1,1,35,4,30,81.5,16,away,2016;;;;;;;;;;;;;
Eli ManningE. Manning,36,21,227,6.3,2,0,48,0,0,95.5,22,home,2016;;;;;;;;;;;;;
Carson PalmerC. Palmer,38,20,198,5.2,2,2,29t,4,43,63.3,24,away,2016;;;;;;;;;;;;;
Sam BradfordS. Bradford,28,20,169,6.0,1,0,30,2,24,98.7,30,home,2016;;;;;;;;;;;;;
Ryan TannehillR. Tannehill,34,24,172,5.1,2,1,15,4,30,89.3,14,away,2016;;;;;;;;;;;;;
Jared GoffJ. Goff,31,17,134,4.3,0,0,21,1,9,65.8,10,home,2016;;;;;;;;;;;;;
Tom BradyT. Brady,40,24,280,7.0,4,0,56t,1,7,114.6,30,away,2016;;;;;;;;;;;;;
Colin KaepernickC. Kaepernick,30,16,206,6.9,2,0,26,5,29,97.4,17,home,2016;;;;;;;;;;;;;
Carson WentzC. Wentz,45,23,218,4.8,2,2,26,2,23,61.2,15,away,2016;;;;;;;;;;;;;
Russell WilsonR. Wilson,31,18,272,8.8,1,0,44,1,0,97.8,26,home,2016;;;;;;;;;;;;;
Doug BaldwinD. Baldwin,1,1,15,15.0,1,0,15t,0,0,158.3,26,home,2016;;;;;;;;;;;;;
Aaron RodgersA. Rodgers,41,26,351,8.6,3,0,47,2,20,115.0,24,away,2016;;;;;;;;;;;;;
Brett HundleyB. Hundley,3,1,9,3.0,0,1,9,0,0,2.8,24,away,2016;;;;;;;;;;;;;
Kirk CousinsK. Cousins,30,21,375,12.5,3,0,70t,2,11,145.8,42,home,2016;;;;;;;;;;;;;
Brock OsweilerB. Osweiler,39,26,243,6.2,1,1,24,2,13,81.5,20,away,2016;;;;;;;;;;;;;
Derek CarrD. Carr,31,21,295,9.5,3,1,75t,0,0,117.0,27,home,2016;;;;;;;;;;;;;
Sam BradfordS. Bradford,37,31,224,6.1,0,1,41,0,0,80.6,13,away,2016;;;;;;;;;;;;;
Matthew StaffordM. Stafford,40,23,232,5.8,1,0,41,2,18,82.5,16,home,2016;;;;;;;;;;;;;
Kirk CousinsK. Cousins,53,41,449,8.5,3,0,67t,0,0,120.7,26,away,2016;;;;;;;;;;;;;
Dak PrescottD. Prescott,24,17,195,8.1,1,0,26,1,5,108.9,31,home,2016;;;;;;;;;;;;;
Ben RoethlisbergerB. Roethlisberger,20,14,221,11.1,3,0,35,0,0,146.0,28,away,2016;;;;;;;;;;;;;
Landry JonesL. Jones,1,0,0,0.0,0,0,0,0,0,39.6,28,away,2016;;;;;;;;;;;;;
Scott TolzienS. Tolzien,36,22,205,5.7,1,2,32,3,21,62.8,7,home,2016;;;;;;;;;;;;;
Pat McAfeeP. McAfee,1,1,35,35.0,0,0,35,0,0,118.8,7,home,2016;;;;;;;;;;;;;
Marcus MariotaM. Mariota,23,15,226,9.8,2,0,38,0,0,126.4,27,away,2016;;;;;;;;;;;;;
Matt BarkleyM. Barkley,54,28,316,5.9,3,2,23,0,0,72.8,21,home,2016;;;;;;;;;;;;;
Blake BortlesB. Bortles,26,13,126,4.8,2,0,24,2,8,89.6,21,away,2016;;;;;;;;;;;;;
Tyrod TaylorT. Taylor,18,12,166,9.2,1,0,62,5,15,114.6,28,home,2016;;;;;;;;;;;;;
Andy DaltonA. Dalton,48,26,283,5.9,1,0,25,3,22,78.7,14,away,2016;;;;;;;;;;;;;
Joe FlaccoJ. Flacco,36,25,234,6.5,1,1,31,2,15,84.7,19,home,2016;;;;;;;;;;;;;
Carson PalmerC. Palmer,45,25,289,6.4,2,1,25,2,15,80.7,19,away,2016;;;;;;;;;;;;;
Matt RyanM. Ryan,34,26,269,7.9,2,1,35t,3,25,106.1,38,home,2016;;;;;;;;;;;;;
Eli ManningE. Manning,27,15,194,7.2,3,0,41,1,2,115.4,27,away,2016;;;;;;;;;;;;;
Josh McCownJ. McCown,43,25,322,7.5,1,0,54,7,37,89.5,13,home,2016;;;;;;;;;;;;;
Duke JohnsonD. Johnson,1,0,0,0.0,0,0,0,0,0,39.6,13,home,2016;;;;;;;;;;;;;
Jared GoffJ. Goff,32,20,214,6.7,3,1,31,3,36,100.3,21,away,2016;;;;;;;;;;;;;
Drew BreesD. Brees,36,28,310,8.6,4,0,35,2,14,139.6,49,home,2016;;;;;;;;;;;;;
Willie SneadW. Snead,1,1,50,50.0,1,0,50t,0,0,158.3,49,home,2016;;;;;;;;;;;;;
Colin KaepernickC. Kaepernick,46,29,296,6.4,3,1,35,2,14,94.1,24,away,2016;;;;;;;;;;;;;
Ryan TannehillR. Tannehill,30,20,285,9.5,3,0,46,2,22,130.6,31,home,2016;;;;;;;;;;;;;
Philip RiversP. Rivers,30,22,242,8.1,3,1,52t,1,7,116.2,21,away,2016;;;;;;;;;;;;;
Brock OsweilerB. Osweiler,37,22,246,6.6,0,3,33,1,7,45.6,13,home,2016;;;;;;;;;;;;;
Russell WilsonR. Wilson,33,17,151,4.6,0,2,21,6,33,38.8,5,away,2016;;;;;;;;;;;;;
Jameis WinstonJ. Winston,28,21,220,7.9,2,1,27,0,0,106.2,14,home,2016;;;;;;;;;;;;;
Cam NewtonC. Newton,29,14,246,8.5,2,1,88t,2,17,86.3,32,away,2016;;;;;;;;;;;;;
Derek CarrD. Carr,38,26,315,8.3,2,1,49,1,5,100.2,35,home,2016;;;;;;;;;;;;;
Matt McGloinM. McGloin,1,0,0,0.0,0,0,0,0,0,39.6,35,home,2016;;;;;;;;;;;;;
Alex SmithA. Smith,44,26,220,5.0,1,0,21,6,30,79.7,30,away,2016;;;;;;;;;;;;;
Trevor SiemianT. Siemian,34,20,368,10.8,3,0,76t,5,28,125.6,27,home,2016;;;;;;;;;;;;;
Tom BradyT. Brady,50,30,286,5.7,2,0,25,0,0,89.2,22,away,2016;;;;;;;;;;;;;
Ryan FitzpatrickR. Fitzpatrick,32,22,269,8.4,2,0,40,1,0,115.2,17,home,2016;;;;;;;;;;;;;
Aaron RodgersA. Rodgers,39,30,313,8.0,2,0,50,0,0,116.7,27,away,2016;;;;;;;;;;;;;
Carson WentzC. Wentz,36,24,254,7.1,0,1,24,4,43,75.5,13,home,2016;;;;;;;;;;;;;
Dak PrescottD. Prescott,18,12,139,7.7,1,0,56,3,15,108.3,17,away,2016;;;;;;;;;;;;;
Sam BradfordS. Bradford,45,32,247,5.5,1,0,25,2,15,91.6,15,home,2016;;;;;;;;;;;;;
Shaun HillS. Hill,1,1,6,6.0,0,0,6,1,7,91.7,15,home,2016;;;;;;;;;;;;;
Jerick McKinnonJ. McKinnon,1,0,0,0.0,0,0,0,0,0,39.6,15,home,2016;;;;;;;;;;;;;
Alex SmithA. Smith,25,21,270,10.8,1,0,35,1,4,125.0,29,away,2016;;;;;;;;;;;;;
Matt RyanM. Ryan,34,22,297,8.7,1,1,42,2,7,90.0,28,home,2016;;;;;;;;;;;;;
Matthew StaffordM. Stafford,42,30,341,8.1,2,0,66t,2,4,111.3,28,away,2016;;;;;;;;;;;;;
Drew BreesD. Brees,44,31,326,7.4,0,3,39,1,7,63.3,13,home,2016;;;;;;;;;;;;;
Jared GoffJ. Goff,32,14,161,5.0,1,2,66,4,35,43.9,10,away,2016;;;;;;;;;;;;;
Tom BradyT. Brady,46,33,269,5.8,1,0,32,0,0,93.5,26,home,2016;;;;;;;;;;;;;
Paxton LynchP. Lynch,24,12,104,4.3,0,0,18,2,2,61.8,20,away,2016;;;;;;;;;;;;;
Blake BortlesB. Bortles,42,19,181,4.3,0,2,21,1,2,37.9,10,home,2016;;;;;;;;;;;;;
Brock OsweilerB. Osweiler,35,22,202,5.8,2,0,44t,2,18,97.6,13,away,2016;;;;;;;;;;;;;
Aaron RodgersA. Rodgers,30,20,209,7.0,2,0,32t,1,9,108.9,21,home,2016;;;;;;;;;;;;;
Carson WentzC. Wentz,60,36,308,5.1,1,3,41,1,2,58.2,14,away,2016;;;;;;;;;;;;;
Andy DaltonA. Dalton,31,23,332,10.7,2,0,50,0,0,130.0,32,home,2016;;;;;;;;;;;;;
Ryan TannehillR. Tannehill,40,29,226,5.7,1,3,26,2,11,63.1,6,away,2016;;;;;;;;;;;;;
Joe FlaccoJ. Flacco,47,36,381,8.1,4,1,53t,0,0,119.2,38,home,2016;;;;;;;;;;;;;
Ryan MallettR. Mallett,3,1,5,1.7,0,0,5,0,0,42.4,38,home,2016;;;;;;;;;;;;;
Blaine GabbertB. Gabbert,10,4,35,3.5,0,0,18,1,8,50.0,6,away,2016;;;;;;;;;;;;;
Colin KaepernickC. Kaepernick,5,1,4,0.8,0,0,4,5,25,39.6,6,away,2016;;;;;;;;;;;;;
Matt BarkleyM. Barkley,18,11,192,10.7,0,0,31,1,8,97.5,26,home,2016;;;;;;;;;;;;;
Tyrod TaylorT. Taylor,35,18,191,5.5,0,1,22,4,21,55.8,24,away,2016;;;;;;;;;;;;;
Derek CarrD. Carr,35,19,260,7.4,2,0,37t,0,0,97.3,38,home,2016;;;;;;;;;;;;;
Eli ManningE. Manning,39,24,195,5.0,2,2,25,2,17,69.9,14,away,2016;;;;;;;;;;;;;
Ben RoethlisbergerB. Roethlisberger,36,24,289,8.0,2,1,37,2,17,98.0,24,home,2016;;;;;;;;;;;;;
Le'Veon BellL. Bell,1,0,0,0.0,0,0,0,0,0,39.6,24,home,2016;;;;;;;;;;;;;
Kirk CousinsK. Cousins,37,21,271,7.3,1,1,59,2,25,77.6,23,away,2016;;;;;;;;;;;;;
Carson PalmerC. Palmer,46,30,300,6.5,3,0,42t,2,19,105.3,31,home,2016;;;;;;;;;;;;;
Jameis WinstonJ. Winston,30,20,280,9.3,1,1,38,1,12,93.8,28,away,2016;;;;;;;;;;;;;
Philip RiversP. Rivers,26,15,225,8.7,2,2,40t,2,14,79.8,21,home,2016;;;;;;;;;;;;;
Cam NewtonC. Newton,32,14,182,5.7,1,0,55t,0,0,72.7,7,away,2016;;;;;;;;;;;;;
Derek AndersonD. Anderson,1,0,0,0.0,0,1,0,0,0,0.0,7,away,2016;;;;;;;;;;;;;
Russell WilsonR. Wilson,36,26,277,7.7,1,1,40,3,21,92.0,40,home,2016;;;;;;;;;;;;;
Trevone BoykinT. Boykin,3,2,38,12.7,0,0,31,0,0,109.7,40,home,2016;;;;;;;;;;;;;
Andrew LuckA. Luck,28,22,278,9.9,4,0,34,1,7,147.6,41,away,2016;;;;;;;;;;;;;
Scott TolzienS. Tolzien,1,1,11,11.0,0,0,11,0,0,112.5,41,away,2016;;;;;;;;;;;;;
Bryce PettyB. Petty,25,11,135,5.4,1,2,40t,1,2,41.3,10,home,2016;;;;;;;;;;;;;
Ryan FitzpatrickR. Fitzpatrick,12,5,81,6.8,0,1,40,0,0,30.2,10,home,2016;;;;;;;;;;;;;
Derek CarrD. Carr,41,17,117,2.9,0,0,18,1,8,49.1,13,away,2016;;;;;;;;;;;;;
Alex SmithA. Smith,26,17,264,10.2,1,1,39,1,6,95.7,21,home,2016;;;;;;;;;;;;;
Ben RoethlisbergerB. Roethlisberger,31,17,220,7.1,0,3,40,0,0,37.8,27,away,2016;;;;;;;;;;;;;
Tyrod TaylorT. Taylor,25,15,228,9.1,2,1,41,5,20,100.1,20,home,2016;;;;;;;;;;;;;
Trevor SiemianT. Siemian,51,35,334,6.5,1,0,34,3,20,93.1,10,away,2016;;;;;;;;;;;;;
Riley DixonR. Dixon,1,1,16,16.0,0,0,16,0,0,118.8,10,away,2016;;;;;;;;;;;;;
Marcus MariotaM. Mariota,20,6,88,4.4,0,0,26,2,15,45.4,13,home,2016;;;;;;;;;;;;;
DeMarco MurrayD. Murray,1,0,0,0.0,0,0,0,0,0,39.6,13,home,2016;;;;;;;;;;;;;
Drew BreesD. Brees,41,25,257,6.3,0,3,38,1,9,48.5,11,away,2016;;;;;;;;;;;;;
Jameis WinstonJ. Winston,26,16,184,7.1,0,0,18,2,18,82.9,16,home,2016;;;;;;;;;;;;;
Kirk CousinsK. Cousins,21,14,234,11.1,2,1,80t,2,7,116.0,27,away,2016;;;;;;;;;;;;;
Carson WentzC. Wentz,46,32,314,6.8,1,1,29,4,26,86.7,22,home,2016;;;;;;;;;;;;;
Carson PalmerC. Palmer,33,18,145,4.4,2,2,15,3,20,60.8,23,away,2016;;;;;;;;;;;;;
Ryan TannehillR. Tannehill,20,15,195,9.8,3,1,71,1,11,124.0,26,home,2016;;;;;;;;;;;;;
Matt MooreM. Moore,5,3,47,9.4,0,0,29,0,0,91.2,26,home,2016;;;;;;;;;;;;;
Philip RiversP. Rivers,39,21,236,6.1,2,3,46,5,16,57.2,16,away,2016;;;;;;;;;;;;;
Cam NewtonC. Newton,27,10,160,5.9,1,1,36,2,14,54.6,28,home,2016;;;;;;;;;;;;;
Andy DaltonA. Dalton,28,20,180,6.4,2,0,18,4,33,112.2,23,away,2016;;;;;;;;;;;;;
Robert Griffin IIIR. Griffin,28,12,104,3.7,0,1,21,3,19,38.4,10,home,2016;;;;;;;;;;;;;
Matt BarkleyM. Barkley,32,20,212,6.6,1,0,31t,1,8,92.2,17,away,2016;;;;;;;;;;;;;
Matthew StaffordM. Stafford,35,21,223,6.4,1,2,48,3,14,64.3,20,home,2016;;;;;;;;;;;;;
Brock OsweilerB. Osweiler,24,14,147,6.1,0,1,22,2,16,58.9,22,away,2016;;;;;;;;;;;;;
Andrew LuckA. Luck,45,24,276,6.1,2,2,35t,1,11,68.4,17,home,2016;;;;;;;;;;;;;
Sam BradfordS. Bradford,34,24,292,8.6,1,0,45,0,0,106.5,25,away,2016;;;;;;;;;;;;;
Blake BortlesB. Bortles,37,23,257,6.9,1,0,39,4,27,91.8,16,home,2016;;;;;;;;;;;;;
Bryce PettyB. Petty,35,23,257,7.3,0,1,40,6,41,75.5,23,away,2016;;;;;;;;;;;;;
Colin KaepernickC. Kaepernick,26,15,133,5.1,1,0,30,2,17,84.3,17,home,2016;;;;;;;;;;;;;
Matt RyanM. Ryan,28,18,237,8.5,3,0,64t,2,17,126.6,42,away,2016;;;;;;;;;;;;;
Matt SchaubM. Schaub,2,0,0,0.0,0,0,0,0,0,39.6,42,away,2016;;;;;;;;;;;;;
Jared GoffJ. Goff,41,24,235,5.7,0,2,28,3,27,54.4,14,home,2016;;;;;;;;;;;;;
Russell WilsonR. Wilson,39,22,240,6.2,1,5,31,3,22,43.7,10,away,2016;;;;;;;;;;;;;
Aaron RodgersA. Rodgers,23,18,246,10.7,3,0,66t,1,9,150.8,38,home,2016;;;;;;;;;;;;;
Brett HundleyB. Hundley,2,0,0,0.0,0,0,0,0,0,39.6,38,home,2016;;;;;;;;;;;;;
Dak PrescottD. Prescott,37,17,165,4.5,1,2,31t,3,13,45.4,7,away,2016;;;;;;;;;;;;;
Eli ManningE. Manning,28,17,193,6.9,1,1,61t,3,26,78.4,10,home,2016;;;;;;;;;;;;;
Joe FlaccoJ. Flacco,52,37,324,6.2,2,1,47,2,18,92.1,23,away,2016;;;;;;;;;;;;;
Tom BradyT. Brady,38,25,406,10.7,3,1,79t,1,5,116.8,30,home,2016;;;;;;;;;;;;;
Jared GoffJ. Goff,25,13,135,5.4,0,0,25,4,31,67.9,3,away,2016;;;;;;;;;;;;;
Case KeenumC. Keenum,9,5,32,3.6,0,0,16,0,0,63.2,3,away,2016;;;;;;;;;;;;;
Johnny HekkerJ. Hekker,1,0,0,0.0,0,0,0,0,0,39.6,3,away,2016;;;;;;;;;;;;;
Russell WilsonR. Wilson,26,19,229,8.8,3,1,57t,2,2,122.1,24,home,2016;;;;;;;;;;;;;
Matt MooreM. Moore,18,12,236,13.1,4,1,66t,1,0,126.2,34,away,2016;;;;;;;;;;;;;
Bryce PettyB. Petty,36,20,235,6.5,1,2,40t,3,22,61.7,13,home,2016;;;;;;;;;;;;;
Ryan FitzpatrickR. Fitzpatrick,10,5,31,3.1,0,1,13,0,0,17.1,13,home,2016;;;;;;;;;;;;;
Aaron RodgersA. Rodgers,31,19,252,8.1,0,0,60,4,27,87.0,30,away,2016;;;;;;;;;;;;;
Matt BarkleyM. Barkley,43,30,362,8.4,2,3,34,1,8,81.7,27,home,2016;;;;;;;;;;;;;
Jameis WinstonJ. Winston,35,17,247,7.1,2,3,42t,4,23,55.3,20,away,2016;;;;;;;;;;;;;
Dak PrescottD. Prescott,36,32,279,7.8,0,0,23,3,15,99.0,26,home,2016;;;;;;;;;;;;;
Blake BortlesB. Bortles,28,12,92,3.3,0,1,15,2,9,36.6,20,away,2016;;;;;;;;;;;;;
Tom SavageT. Savage,36,23,260,7.2,0,0,32,0,0,85.4,21,home,2016;;;;;;;;;;;;;
Brock OsweilerB. Osweiler,11,6,48,4.4,0,2,16,0,0,26.1,21,home,2016;;;;;;;;;;;;;
Robert Griffin IIIR. Griffin,28,17,196,7.0,0,0,33,5,34,81.8,13,away,2016;;;;;;;;;;;;;
Tyrod TaylorT. Taylor,24,17,174,7.2,1,0,23,1,3,105.2,33,home,2016;;;;;;;;;;;;;
E.J. ManuelE. Manuel,1,0,0,0.0,0,0,0,0,0,39.6,33,home,2016;;;;;;;;;;;;;
Carson WentzC. Wentz,42,22,170,4.0,0,1,24,1,11,52.7,26,away,2016;;;;;;;;;;;;;
Joe FlaccoJ. Flacco,30,16,206,6.9,2,1,54,3,17,83.5,27,home,2016;;;;;;;;;;;;;
Marcus MariotaM. Mariota,33,19,241,7.3,0,1,46,1,0,67.9,19,away,2016;;;;;;;;;;;;;
Alex SmithA. Smith,28,15,163,5.8,0,1,44,1,4,56.1,17,home,2016;;;;;;;;;;;;;
Matthew StaffordM. Stafford,39,24,273,7.0,0,1,67,1,5,71.8,6,away,2016;;;;;;;;;;;;;
Eli ManningE. Manning,28,20,201,7.2,2,0,29,2,15,115.3,17,home,2016;;;;;;;;;;;;;
Andrew LuckA. Luck,28,21,250,8.9,2,0,50t,0,0,125.6,34,away,2016;;;;;;;;;;;;;
Sam BradfordS. Bradford,42,32,291,6.9,0,1,28,5,43,84.5,6,home,2016;;;;;;;;;;;;;
Drew BreesD. Brees,48,37,389,8.1,4,0,65t,3,31,127.9,48,away,2016;;;;;;;;;;;;;
Carson PalmerC. Palmer,40,28,318,8.0,2,0,30t,1,9,110.2,41,home,2016;;;;;;;;;;;;;
Colin KaepernickC. Kaepernick,33,20,183,5.5,2,0,45,2,18,95.9,13,away,2016;;;;;;;;;;;;;
Matt RyanM. Ryan,23,17,286,12.4,2,0,59,1,0,144.5,41,home,2016;;;;;;;;;;;;;
Matt SchaubM. Schaub,1,1,16,16.0,0,0,16,0,0,118.8,41,home,2016;;;;;;;;;;;;;
Tom BradyT. Brady,32,16,188,5.9,0,0,34,2,11,68.2,16,away,2016;;;;;;;;;;;;;
Trevor SiemianT. Siemian,40,25,282,7.0,0,1,31,4,31,73.1,3,home,2016;;;;;;;;;;;;;
Derek CarrD. Carr,30,19,213,7.1,1,1,28,2,13,81.7,19,away,2016;;;;;;;;;;;;;
Philip RiversP. Rivers,30,17,206,6.9,2,1,47t,3,16,86.2,16,home,2016;;;;;;;;;;;;;
Ben RoethlisbergerB. Roethlisberger,36,21,286,7.9,1,0,32,1,1,93.1,24,away,2016;;;;;;;;;;;;;
Andy DaltonA. Dalton,27,16,157,5.8,0,1,25,1,11,60.3,20,home,2016;;;;;;;;;;;;;
Cam NewtonC. Newton,37,21,300,8.1,2,0,31,2,10,101.2,26,away,2016;;;;;;;;;;;;;
Kirk CousinsK. Cousins,47,32,315,6.7,0,1,23,1,9,77.9,15,home,2016;;;;;;;;;;;;;
Eli ManningE. Manning,63,38,356,5.7,1,3,33,0,0,61.3,19,away,2016;;;;;;;;;;;;;
Carson WentzC. Wentz,24,13,152,6.3,1,1,40t,0,0,70.1,24,home,2016;;;;;;;;;;;;;
Chase DanielC. Daniel,1,1,16,16.0,0,0,16,0,0,118.8,24,home,2016;;;;;;;;;;;;;
Matt MooreM. Moore,30,16,233,7.8,2,1,56t,0,0,87.2,34,away,2016;;;;;;;;;;;;;
Tyrod TaylorT. Taylor,39,26,329,8.4,3,0,53,2,12,118.4,31,home,2016;;;;;;;;;;;;;
Jameis WinstonJ. Winston,35,23,277,7.9,2,2,34t,2,17,85.1,24,away,2016;;;;;;;;;;;;;
Drew BreesD. Brees,34,23,299,8.8,1,0,46,2,5,104.9,31,home,2016;;;;;;;;;;;;;
Ryan FitzpatrickR. Fitzpatrick,21,8,136,6.5,0,2,30,0,0,21.2,3,away,2016;;;;;;;;;;;;;
Bryce PettyB. Petty,3,0,0,0.0,0,1,0,2,8,0.0,3,away,2016;;;;;;;;;;;;;
Tom BradyT. Brady,27,17,214,7.9,3,0,35,1,9,124.6,41,home,2016;;;;;;;;;;;;;
Jimmy GaroppoloJ. Garoppolo,2,1,6,3.0,0,0,6,0,0,56.2,41,home,2016;;;;;;;;;;;;;
Matt CasselM. Cassel,24,13,124,5.2,1,1,24,1,6,65.3,17,away,2016;;;;;;;;;;;;;
Marcus MariotaM. Mariota,20,8,99,5.0,1,0,18,2,12,72.7,17,away,2016;;;;;;;;;;;;;
Blake BortlesB. Bortles,38,26,325,8.6,1,0,37,2,14,103.5,38,home,2016;;;;;;;;;;;;;
Marqise LeeM. Lee,1,1,20,20.0,1,0,20t,0,0,158.3,38,home,2016;;;;;;;;;;;;;
Sam BradfordS. Bradford,50,34,382,7.6,3,0,71t,4,29,110.6,25,away,2016;;;;;;;;;;;;;
Aaron RodgersA. Rodgers,38,28,347,9.1,4,0,48,4,39,136.6,38,home,2016;;;;;;;;;;;;;
Brett HundleyB. Hundley,1,0,0,0.0,0,0,0,0,0,39.6,38,home,2016;;;;;;;;;;;;;
Philip RiversP. Rivers,46,23,322,7.0,2,1,50,0,0,78.4,17,away,2016;;;;;;;;;;;;;
Robert Griffin IIIR. Griffin,25,17,164,6.6,0,0,21,7,37,86.1,20,home,2016;;;;;;;;;;;;;
Cody KesslerC. Kessler,3,2,11,3.7,0,0,9,2,11,72.9,20,home,2016;;;;;;;;;;;;;
Kirk CousinsK. Cousins,29,18,270,9.3,1,0,57,0,0,104.1,41,away,2016;;;;;;;;;;;;;
Matt BarkleyM. Barkley,40,24,323,8.1,2,5,37,1,5,62.8,21,home,2016;;;;;;;;;;;;;
Matt RyanM. Ryan,33,27,277,8.4,2,0,31,4,21,121.8,33,away,2016;;;;;;;;;;;;;
Cam NewtonC. Newton,43,18,198,4.6,1,2,26t,2,15,44.5,16,home,2016;;;;;;;;;;;;;
Andrew LuckA. Luck,29,19,288,9.9,2,2,45,0,0,92.3,25,away,2016;;;;;;;;;;;;;
Derek CarrD. Carr,31,21,232,7.5,3,0,35,1,8,122.0,33,home,2016;;;;;;;;;;;;;
Matt McGloinM. McGloin,3,2,29,9.7,0,0,19,0,0,97.9,33,home,2016;;;;;;;;;;;;;
Carson PalmerC. Palmer,26,16,284,10.9,1,0,80t,1,8,111.7,34,away,2016;;;;;;;;;;;;;
Larry FitzgeraldL. Fitzgerald,1,0,0,0.0,0,0,0,0,0,39.6,34,away,2016;;;;;;;;;;;;;
Russell WilsonR. Wilson,45,29,350,7.8,4,0,42t,6,37,117.8,31,home,2016;;;;;;;;;;;;;
Colin KaepernickC. Kaepernick,37,28,266,7.2,2,1,21,4,13,101.9,22,away,2016;;;;;;;;;;;;;
Jared GoffJ. Goff,24,11,90,3.8,1,2,24,4,12,35.1,21,home,2016;;;;;;;;;;;;;
Andy DaltonA. Dalton,41,28,268,6.5,1,1,86t,3,24,84.2,10,away,2016;;;;;;;;;;;;;
Tom SavageT. Savage,29,18,176,6.1,0,0,24,4,21,79.1,12,home,2016;;;;;;;;;;;;;
Joe FlaccoJ. Flacco,44,30,262,6.0,1,1,44,2,16,81.8,27,away,2016;;;;;;;;;;;;;
Ben RoethlisbergerB. Roethlisberger,33,24,279,8.5,3,2,39,0,0,103.0,31,home,2016;;;;;;;;;;;;;
Trevor SiemianT. Siemian,43,17,183,4.3,0,1,26,0,0,43.1,10,away,2016;;;;;;;;;;;;;
Alex SmithA. Smith,36,25,244,6.8,1,1,80t,0,0,85.9,33,home,2016;;;;;;;;;;;;;
Dontari PoeD. Poe,1,1,2,2.0,1,0,2t,0,0,118.8,33,home,2016;;;;;;;;;;;;;
Matthew StaffordM. Stafford,46,26,260,5.7,0,1,21,4,31,63.7,21,away,2016;;;;;;;;;;;;;
Dak PrescottD. Prescott,20,15,212,10.6,3,0,30,1,11,148.3,42,home,2016;;;;;;;;;;;;;
Dez BryantD. Bryant,1,1,10,10.0,1,0,10t,0,0,147.9,42,home,2016;;;;;;;;;;;;;
Drew BreesD. Brees,50,29,350,7.0,2,1,35,2,9,84.6,32,away,2016;;;;;;;;;;;;;
Matt RyanM. Ryan,36,27,331,9.2,4,0,35,1,8,139.9,38,home,2016;;;;;;;;;;;;;
Joe FlaccoJ. Flacco,49,32,267,5.4,0,1,39,3,16,70.7,10,away,2016;;;;;;;;;;;;;
Ryan MallettR. Mallett,2,1,12,6.0,0,1,12,0,0,29.2,10,away,2016;;;;;;;;;;;;;
Andy DaltonA. Dalton,28,18,226,8.1,1,0,31,1,8,101.2,27,home,2016;;;;;;;;;;;;;
Eli ManningE. Manning,27,17,180,6.7,0,0,44,1,9,82.3,19,away,2016;;;;;;;;;;;;;
Kirk CousinsK. Cousins,35,22,287,8.2,1,2,49,4,41,74.3,10,home,2016;;;;;;;;;;;;;
Brock OsweilerB. Osweiler,40,21,253,6.3,1,0,51,3,20,80.5,17,away,2016;;;;;;;;;;;;;
Tom SavageT. Savage,8,5,25,3.1,0,0,8,1,15,67.2,17,away,2016;;;;;;;;;;;;;
Matt CasselM. Cassel,26,16,150,5.8,1,1,50,4,17,74.2,24,home,2016;;;;;;;;;;;;;
Cam NewtonC. Newton,32,18,237,7.4,1,3,47,3,30,51.2,16,away,2016;;;;;;;;;;;;;
Jameis WinstonJ. Winston,35,20,202,5.8,1,1,28,3,14,71.4,17,home,2016;;;;;;;;;;;;;
Aaron RodgersA. Rodgers,39,27,300,7.7,4,0,39,1,5,126.0,31,away,2016;;;;;;;;;;;;;
Matthew StaffordM. Stafford,41,26,347,8.5,2,1,35t,2,15,96.3,24,home,2016;;;;;;;;;;;;;
Blake BortlesB. Bortles,39,25,301,7.7,1,0,42,2,13,96.2,20,away,2016;;;;;;;;;;;;;
Andrew LuckA. Luck,40,24,321,8.0,2,1,28,4,31,91.8,24,home,2016;;;;;;;;;;;;;
Antonio MorrisonA. Morrison,1,0,0,0.0,0,0,0,0,0,39.6,24,home,2016;;;;;;;;;;;;;
Tom BradyT. Brady,33,25,276,8.4,3,0,77t,0,0,130.4,35,away,2016;;;;;;;;;;;;;
Jimmy GaroppoloJ. Garoppolo,1,0,0,0.0,0,0,0,0,0,39.6,35,away,2016;;;;;;;;;;;;;
Matt MooreM. Moore,34,24,205,6.0,2,1,25t,0,0,93.4,14,home,2016;;;;;;;;;;;;;
Matt BarkleyM. Barkley,14,10,125,8.9,0,2,31,1,4,59.2,10,away,2016;;;;;;;;;;;;;
David FalesD. Fales,5,2,22,4.4,0,0,12,1,5,53.8,10,away,2016;;;;;;;;;;;;;
Cameron MeredithC. Meredith,1,1,2,2.0,1,0,2t,0,0,118.8,10,away,2016;;;;;;;;;;;;;
Sam BradfordS. Bradford,33,25,250,7.6,3,1,39,0,0,114.5,38,home,2016;;;;;;;;;;;;;
Shaun HillS. Hill,1,0,0,0.0,0,0,0,0,0,39.6,38,home,2016;;;;;;;;;;;;;
E.J. ManuelE. Manuel,20,9,86,4.3,0,0,16,2,18,57.5,10,away,2016;;;;;;;;;;;;;
Cardale JonesC. Jones,11,6,96,8.7,0,1,64,1,2,46.0,10,away,2016;;;;;;;;;;;;;
Ryan FitzpatrickR. Fitzpatrick,30,20,210,7.0,2,0,51,1,8,109.0,30,home,2016;;;;;;;;;;;;;
Mark SanchezM. Sanchez,17,9,85,5.0,0,2,33,3,25,27.5,13,away,2016;;;;;;;;;;;;;
Dak PrescottD. Prescott,8,4,37,4.6,0,0,15,0,0,63.0,13,away,2016;;;;;;;;;;;;;
Tony RomoT. Romo,4,3,29,7.2,1,0,15,0,0,134.4,13,away,2016;;;;;;;;;;;;;
Carson WentzC. Wentz,43,27,245,5.7,2,0,20t,2,13,93.7,27,home,2016;;;;;;;;;;;;;
Robert Griffin IIIR. Griffin,40,29,232,5.8,2,1,43,4,26,92.9,24,away,2016;;;;;;;;;;;;;
Landry JonesL. Jones,37,24,277,7.5,3,1,46,4,34,103.1,27,home,2016;;;;;;;;;;;;;
Carson PalmerC. Palmer,38,20,255,6.7,3,1,37t,1,3,89.3,44,away,2016;;;;;;;;;;;;;
Drew StantonD. Stanton,4,2,8,2.0,0,1,8,0,0,16.7,44,away,2016;;;;;;;;;;;;;
Jared GoffJ. Goff,20,13,120,6.0,0,0,29,7,72,81.2,6,home,2016;;;;;;;;;;;;;
Sean MannionS. Mannion,6,3,19,3.2,0,1,9,0,0,17.4,6,home,2016;;;;;;;;;;;;;
Johnny HekkerJ. Hekker,1,1,4,4.0,0,0,4,0,0,83.3,6,home,2016;;;;;;;;;;;;;
Pharoh CooperP. Cooper,1,0,0,0.0,0,1,0,0,0,0.0,6,home,2016;;;;;;;;;;;;;
Connor CookC. Cook,21,14,150,7.1,1,1,32t,2,7,83.4,6,away,2016;;;;;;;;;;;;;
Matt McGloinM. McGloin,11,6,21,1.9,0,0,12,0,0,60.0,6,away,2016;;;;;;;;;;;;;
Trevor SiemianT. Siemian,27,17,206,7.6,2,1,43t,0,0,95.6,24,home,2016;;;;;;;;;;;;;
Alex SmithA. Smith,28,21,264,9.4,2,1,42,1,2,112.8,37,away,2016;;;;;;;;;;;;;
Philip RiversP. Rivers,38,22,269,7.1,2,2,23,0,0,75.4,27,home,2016;;;;;;;;;;;;;
Russell WilsonR. Wilson,32,19,258,8.1,1,0,42,1,6,95.6,25,away,2016;;;;;;;;;;;;;
Trevone BoykinT. Boykin,6,4,42,7.0,0,0,19,1,5,86.8,25,away,2016;;;;;;;;;;;;;
Colin KaepernickC. Kaepernick,22,17,215,9.8,1,0,29,5,24,122.3,23,home,2016;;;;;;;;;;;;;
